Date,Description,Amount,Type
2025-02-01,PAYROLL DEPOSIT - SRI,3150.0,credit
2025-03-01,PAYROLL DEPOSIT - SRI,3150.0,credit
2025-03-02,AMAZON MKTPL*AC7,-71.23,debit
2025-03-08,CHIPOTLE 2847,-48.11,debit
2025-03-09,HBOMAX.COM,-67.74,debit
2025-03-11,DOORDASH*CHICK FIL A,-24.6,debit
2025-03-13,GEORGIA POWER,-73.81,debit
2025-03-16,SHAKE SHACK ATL,-26.84,debit
2025-03-23,ATT*BILL PAYMENT,-66.57,debit
2025-03-25,COSTCO WHSE #1187,-43.34,debit
2025-03-28,HBOMAX.COM,-26.19,debit
2025-03-30,KROGER #412,-97.73,debit
2025-04-01,COMCAST CABLE COMM,-198.43,debit
2025-04-01,PAYROLL DEPOSIT - SRI,3150.0,credit
2025-04-05,SWEETGREEN ATLANTA,-62.57,debit
2025-04-06,MARTA BREEZE CARD RELOAD,-39.57,debit
2025-04-10,SWEETGREEN ATLANTA,-18.23,debit
2025-04-13,SHAKE SHACK ATL,-45.58,debit
2025-04-17,COSTCO WHSE #1187,-42.03,debit
2025-04-18,SHAKE SHACK ATL,-18.7,debit
2025-04-19,SPOTIFY USA,-23.96,debit
2025-04-19,SHELL OIL 12496,-40.98,debit
2025-04-20,WHOLE FOODS MKT 10155,-34.92,debit
2025-04-20,GOOGLE *FI,-147.75,debit
2025-04-22,PARKING METER ATLANTA,-38.5,debit
2025-04-26,SHAKE SHACK ATL,-19.38,debit
2025-04-27,PUBLIX SUPER MARKET,-110.01,debit
2025-04-29,AMAZON MKTPL*AC7,-229.79,debit
2025-05-01,PAYROLL DEPOSIT - SRI,3150.0,credit
2025-05-02,TARGET 00023847,-30.84,debit
2025-05-03,NETFLIX.COM,-26.03,debit
2025-05-03,AMC ATLANTIC STATION,-71.24,debit
2025-05-05,CHIPOTLE 2847,-53.55,debit
2025-05-05,NORDSTROM #358,-82.21,debit
2025-05-08,DOORDASH*CHICK FIL A,-36.23,debit
2025-05-08,WALGREENS #12897,-168.9,debit
2025-05-08,PARKING METER ATLANTA,-22.31,debit
2025-05-08,MARTA BREEZE CARD RELOAD,-14.3,debit
2025-05-09,AUDIBLE*GLJ4PL20,-71.86,debit
2025-05-09,COSTCO WHSE #1187,-125.83,debit
2025-05-10,BEST BUY #1234,-178.01,debit
2025-05-13,LYFT *RIDE,-22.76,debit
2025-05-13,WHOLE FOODS MKT 10155,-26.38,debit
2025-05-15,ALDI 63 STORE,-54.46,debit
2025-05-15,DOORDASH*CHICK FIL A,-49.11,debit
2025-05-15,TARGET 00023847,-167.04,debit
2025-05-16,BLUE BOTTLE COFFEE,-14.65,debit
2025-05-16,CLASSPASS INC,-64.57,debit
2025-05-18,PUBLIX SUPER MARKET,-39.09,debit
2025-05-18,SWEETGREEN ATLANTA,-57.14,debit
2025-05-18,SEPHORA #0529,-145.62,debit
2025-05-18,PANERA BREAD #204876,-47.5,debit
2025-05-19,CHIPOTLE 2847,-49.06,debit
2025-05-20,PARKING METER ATLANTA,-18.23,debit
2025-05-20,CLASSPASS INC,-128.01,debit
2025-05-21,UBER EATS,-16.03,debit
2025-05-22,SWEETGREEN ATLANTA,-46.7,debit
2025-05-22,COSTCO WHSE #1187,-153.56,debit
2025-05-22,PARKING METER ATLANTA,-32.7,debit
2025-05-24,SHELL OIL 12496,-7.78,debit
2025-05-24,SHAKE SHACK ATL,-42.9,debit
2025-05-26,PUBLIX SUPER MARKET,-95.05,debit
2025-05-28,ZELLE TO ROOMMATE,-264.06,debit
2025-05-28,CREDIT CARD PAYMENT,-419.02,debit
2025-05-28,TRADER JOE'S #547,-132.03,debit
2025-05-29,CHIPOTLE 2847,-38.85,debit
2025-05-29,MARTA BREEZE CARD RELOAD,-14.87,debit
2025-05-30,SPOTIFY USA,-18.5,debit
2025-05-31,PANERA BREAD #204876,-36.11,debit
2025-05-31,BEST BUY #1234,-99.18,debit
2025-06-01,MARTA BREEZE CARD RELOAD,-22.98,debit
2025-06-01,PAYROLL DEPOSIT - SRI,3150.0,credit
2025-06-03,WHOLE FOODS MKT 10155,-35.62,debit
2025-06-03,CHEVRON 0092846,-7.36,debit
2025-06-03,AMAZON.COM*AB2X4,-71.56,debit
2025-06-04,COSTCO WHSE #1187,-100.33,debit
2025-06-04,MARTA BREEZE CARD RELOAD,-7.4,debit
2025-06-04,STEAM PURCHASE,-23.16,debit
2025-06-05,UBER EATS,-28.76,debit
2025-06-06,MARTA BREEZE CARD RELOAD,-14.59,debit
2025-06-06,BEST BUY #1234,-217.01,debit
2025-06-06,AMAZON MKTPL*AC7,-209.26,debit
2025-06-06,KROGER #412,-145.23,debit
2025-06-07,AUDIBLE*GLJ4PL20,-25.25,debit
2025-06-07,CREDIT CARD PAYMENT,-533.51,debit
2025-06-08,CHEVRON 0092846,-38.11,debit
2025-06-08,KROGER #412,-172.51,debit
2025-06-08,DOORDASH*CHICK FIL A,-64.06,debit
2025-06-09,BLUE BOTTLE COFFEE,-17.17,debit
2025-06-09,TRADER JOE'S #547,-145.83,debit
2025-06-09,BEST BUY #1234,-32.97,debit
2025-06-11,PARKING METER ATLANTA,-23.43,debit
2025-06-13,STEAM PURCHASE,-27.66,debit
2025-06-13,NORDSTROM #358,-220.19,debit
2025-06-13,LYFT *RIDE,-31.18,debit
2025-06-14,SEPHORA #0529,-129.84,debit
2025-06-15,PARKING METER ATLANTA,-12.62,debit
2025-06-15,MARTA BREEZE CARD RELOAD,-27.35,debit
2025-06-15,LYFT *RIDE,-41.49,debit
2025-06-16,ORANGETHEORY FITNESS,-98.57,debit
2025-06-16,SHAKE SHACK ATL,-57.02,debit
2025-06-16,VENMO PAYMENT,-93.43,debit
2025-06-17,MARTA BREEZE CARD RELOAD,-24.68,debit
2025-06-18,CHEVRON 0092846,-10.03,debit
2025-06-18,BLUE BOTTLE COFFEE,-42.48,debit
2025-06-19,SHELL OIL 12496,-25.4,debit
2025-06-19,ALDI 63 STORE,-25.03,debit
2025-06-19,SPOTIFY USA,-21.04,debit
2025-06-20,COSTCO WHSE #1187,-175.63,debit
2025-06-21,PUBLIX SUPER MARKET,-29.93,debit
2025-06-21,PARKING METER ATLANTA,-30.15,debit
2025-06-21,AMAZON MKTPL*AC7,-30.49,debit
2025-06-22,TARGET 00023847,-40.15,debit
2025-06-22,PARKING METER ATLANTA,-9.31,debit
2025-06-22,SEPHORA #0529,-188.56,debit
2025-06-22,STEAM PURCHASE,-68.73,debit
2025-06-23,TRADER JOE'S #547,-39.45,debit
2025-06-23,TRANSFER TO SAVINGS,-146.5,debit
2025-06-23,NORDSTROM #358,-57.57,debit
2025-06-24,UBER EATS,-56.76,debit
2025-06-24,STARBUCKS STORE 22981,-26.17,debit
2025-06-25,MARTA BREEZE CARD RELOAD,-18.95,debit
2025-06-25,PANERA BREAD #204876,-56.13,debit
2025-06-25,KROGER #412,-136.19,debit
2025-06-25,ZELLE TO ROOMMATE,-398.21,debit
2025-06-26,CHIPOTLE 2847,-49.65,debit
2025-06-26,CHEVRON 0092846,-12.13,debit
2025-06-27,VENMO PAYMENT,-529.74,debit
2025-06-28,PUBLIX SUPER MARKET,-152.46,debit
2025-06-28,ALDI 63 STORE,-41.89,debit
2025-06-29,LYFT *RIDE,-25.8,debit
2025-06-29,BLUE BOTTLE COFFEE,-56.64,debit
2025-06-29,WHOLE FOODS MKT 10155,-88.11,debit
2025-06-29,SWEETGREEN ATLANTA,-16.89,debit
2025-06-30,SHAKE SHACK ATL,-20.78,debit
2025-06-30,AMC ATLANTIC STATION,-33.19,debit
2025-07-01,BLUE BOTTLE COFFEE,-44.53,debit
2025-07-01,PAYROLL DEPOSIT - SRI,3150.0,credit
2025-07-02,SPOTIFY USA,-44.64,debit
2025-07-03,DOORDASH*CHICK FIL A,-34.99,debit
2025-07-03,COSTCO WHSE #1187,-90.25,debit
2025-07-03,PANERA BREAD #204876,-22.23,debit
2025-07-03,SWEETGREEN ATLANTA,-19.23,debit
2025-07-03,MARTA BREEZE CARD RELOAD,-21.31,debit
2025-07-03,STEAM PURCHASE,-48.48,debit
2025-07-04,SHELL OIL 12496,-15.84,debit
2025-07-05,UBER EATS,-62.84,debit
2025-07-05,AMC ATLANTIC STATION,-61.31,debit
2025-07-05,PANERA BREAD #204876,-34.43,debit
2025-07-05,AMAZON.COM*AB2X4,-150.83,debit
2025-07-05,KROGER #412,-77.69,debit
2025-07-06,PARKING METER ATLANTA,-39.55,debit
2025-07-06,BEST BUY #1234,-189.05,debit
2025-07-06,SHAKE SHACK ATL,-33.48,debit
2025-07-08,KROGER #412,-54.42,debit
2025-07-10,PANERA BREAD #204876,-17.52,debit
2025-07-11,DOORDASH*CHICK FIL A,-51.76,debit
2025-07-12,STARBUCKS STORE 22981,-27.01,debit
2025-07-12,ZELLE TO ROOMMATE,-781.53,debit
2025-07-12,WATER DEPT ATL,-215.35,debit
2025-07-12,NETFLIX.COM,-43.76,debit
2025-07-13,ATT*BILL PAYMENT,-167.75,debit
2025-07-13,KROGER #412,-169.76,debit
2025-07-14,DELTA AIR 0062847123,-568.24,debit
2025-07-14,MARTA BREEZE CARD RELOAD,-43.29,debit
2025-07-14,ALDI 63 STORE,-116.81,debit
2025-07-14,KAISER PERMANENTE,-28.42,debit
2025-07-14,BLUE BOTTLE COFFEE,-28.42,debit
2025-07-15,AMAZON.COM*AB2X4,-166.05,debit
2025-07-15,WATER DEPT ATL,-187.66,debit
2025-07-16,UBER EATS,-53.67,debit
2025-07-16,AMAZON MKTPL*AC7,-200.97,debit
2025-07-16,SHAKE SHACK ATL,-47.68,debit
2025-07-16,NETFLIX.COM,-10.68,debit
2025-07-16,CREDIT CARD PAYMENT,-653.6,debit
2025-07-17,SHAKE SHACK ATL,-16.14,debit
2025-07-17,PARKING METER ATLANTA,-18.46,debit
2025-07-18,DOORDASH*CHICK FIL A,-62.31,debit
2025-07-19,SPOTIFY USA,-31.12,debit
2025-07-19,SEPHORA #0529,-163.45,debit
2025-07-20,PANERA BREAD #204876,-46.95,debit
2025-07-21,PARKING METER ATLANTA,-25.1,debit
2025-07-21,TRADER JOE'S #547,-74.93,debit
2025-07-21,COMCAST CABLE COMM,-55.42,debit
2025-07-21,SHAKE SHACK ATL,-45.27,debit
2025-07-22,BEST BUY #1234,-85.22,debit
2025-07-23,COSTCO WHSE #1187,-131.4,debit
2025-07-23,UBER EATS,-43.8,debit
2025-07-23,PANERA BREAD #204876,-40.16,debit
2025-07-24,TRADER JOE'S #547,-125.4,debit
2025-07-24,DOORDASH*CHICK FIL A,-42.04,debit
2025-07-24,KROGER #412,-98.53,debit
2025-07-24,PUBLIX SUPER MARKET,-135.0,debit
2025-07-24,STEAM PURCHASE,-58.19,debit
2025-07-24,SHAKE SHACK ATL,-51.65,debit
2025-07-25,TRADER JOE'S #547,-140.07,debit
2025-07-25,AMAZON MKTPL*AC7,-170.2,debit
2025-07-25,ATT*BILL PAYMENT,-125.61,debit
2025-07-25,UBER EATS,-63.54,debit
2025-07-26,GEORGIA POWER,-135.17,debit
2025-07-26,SPOTIFY USA,-50.34,debit
2025-07-27,NETFLIX.COM,-63.12,debit
2025-07-29,CHIPOTLE 2847,-52.33,debit
2025-07-29,COSTCO WHSE #1187,-165.09,debit
2025-07-30,MARTA BREEZE CARD RELOAD,-11.73,debit
2025-07-31,TARGET 00023847,-93.27,debit
2025-07-31,AMAZON.COM*AB2X4,-133.1,debit
2025-07-31,LYFT *RIDE,-32.73,debit
2025-08-01,CHIPOTLE 2847,-42.72,debit
2025-08-01,PARKING METER ATLANTA,-6.37,debit
2025-08-01,NORDSTROM #358,-85.55,debit
2025-08-01,PAYROLL DEPOSIT - SRI,3150.0,credit
2025-08-02,PARKING METER ATLANTA,-42.3,debit
2025-08-02,NORDSTROM #358,-142.92,debit
2025-08-03,HBOMAX.COM,-32.66,debit
2025-08-03,PUBLIX SUPER MARKET,-140.79,debit
2025-08-03,AMAZON.COM*AB2X4,-229.61,debit
2025-08-03,SHAKE SHACK ATL,-38.9,debit
2025-08-04,MARRIOTT HOTELS,-329.09,debit
2025-08-04,SHAKE SHACK ATL,-41.86,debit
2025-08-04,SEPHORA #0529,-204.33,debit
2025-08-05,UBER TRIP,-20.14,debit
2025-08-05,ALDI 63 STORE,-179.24,debit
2025-08-06,SHAKE SHACK ATL,-60.22,debit
2025-08-06,MARTA BREEZE CARD RELOAD,-32.46,debit
2025-08-06,MARTA BREEZE CARD RELOAD,-38.0,debit
2025-08-07,DOORDASH*CHICK FIL A,-25.09,debit
2025-08-08,CHEVRON 0092846,-13.4,debit
2025-08-08,HBOMAX.COM,-36.53,debit
2025-08-09,VERIZON WIRELESS,-117.32,debit
2025-08-09,STARBUCKS STORE 22981,-57.8,debit
2025-08-09,MARTA BREEZE CARD RELOAD,-21.94,debit
2025-08-10,CHEVRON 0092846,-37.49,debit
2025-08-10,PANERA BREAD #204876,-39.6,debit
2025-08-11,ATT*BILL PAYMENT,-49.14,debit
2025-08-11,UBER TRIP,-26.69,debit
2025-08-11,CREDIT CARD PAYMENT,-727.98,debit
2025-08-11,PANERA BREAD #204876,-42.77,debit
2025-08-11,UNITED 0162948273,-323.37,debit
2025-08-11,SHELL OIL 12496,-41.03,debit
2025-08-12,DOORDASH*CHICK FIL A,-58.8,debit
2025-08-13,BEST BUY #1234,-134.3,debit
2025-08-13,NETFLIX.COM,-79.8,debit
2025-08-13,PUBLIX SUPER MARKET,-123.97,debit
2025-08-14,SHAKE SHACK ATL,-35.21,debit
2025-08-14,MARRIOTT HOTELS,-339.48,debit
2025-08-15,UBER EATS,-48.9,debit
2025-08-15,PUBLIX SUPER MARKET,-30.73,debit
2025-08-15,ALDI 63 STORE,-164.95,debit
2025-08-15,SHAKE SHACK ATL,-33.02,debit
2025-08-15,AMAZON MKTPL*AC7,-63.59,debit
2025-08-16,BLUE BOTTLE COFFEE,-35.6,debit
2025-08-16,DOORDASH*CHICK FIL A,-31.54,debit
2025-08-16,WATER DEPT ATL,-98.81,debit
2025-08-17,SHAKE SHACK ATL,-31.7,debit
2025-08-17,KROGER #412,-27.43,debit
2025-08-17,UBER EATS,-10.44,debit
2025-08-18,ATT*BILL PAYMENT,-109.78,debit
2025-08-18,STARBUCKS STORE 22981,-59.24,debit
2025-08-18,CREDIT CARD PAYMENT,-757.23,debit
2025-08-19,VERIZON WIRELESS,-61.04,debit
2025-08-19,UBER TRIP,-30.45,debit
2025-08-20,GOOGLE *FI,-171.15,debit
2025-08-20,KROGER #412,-134.13,debit
2025-08-20,SHAKE SHACK ATL,-63.1,debit
2025-08-20,WATER DEPT ATL,-150.58,debit
2025-08-21,CHEVRON 0092846,-22.15,debit
2025-08-21,AUDIBLE*GLJ4PL20,-57.0,debit
2025-08-21,TRADER JOE'S #547,-27.14,debit
2025-08-21,DOORDASH*CHICK FIL A,-8.84,debit
2025-08-22,TRADER JOE'S #547,-61.06,debit
2025-08-23,STARBUCKS STORE 22981,-56.94,debit
2025-08-23,STARBUCKS STORE 22981,-13.3,debit
2025-08-23,GEORGIA POWER,-210.62,debit
2025-08-23,AMAZON MKTPL*AC7,-101.37,debit
2025-08-23,CLASSPASS INC,-121.95,debit
2025-08-23,UBER TRIP,-35.61,debit
2025-08-23,BLUE BOTTLE COFFEE,-13.24,debit
2025-08-23,ATT*BILL PAYMENT,-73.17,debit
2025-08-23,BLUE BOTTLE COFFEE,-55.22,debit
2025-08-24,VENMO PAYMENT,-554.6,debit
2025-08-24,KAISER PERMANENTE,-144.21,debit
2025-08-24,NORDSTROM #358,-203.2,debit
2025-08-25,LYFT *RIDE,-44.62,debit
2025-08-25,SHELL OIL 12496,-24.78,debit
2025-08-26,AMAZON MKTPL*AC7,-197.3,debit
2025-08-26,UNITED 0162948273,-387.11,debit
2025-08-27,CVS/PHARMACY #03847,-35.25,debit
2025-08-27,SEPHORA #0529,-83.45,debit
2025-08-27,TRANSFER TO SAVINGS,-123.26,debit
2025-08-27,UBER EATS,-51.4,debit
2025-08-27,CHIPOTLE 2847,-15.17,debit
2025-08-28,PUBLIX SUPER MARKET,-43.0,debit
2025-08-28,UBER EATS,-54.34,debit
2025-08-28,ALDI 63 STORE,-59.98,debit
2025-08-28,STARBUCKS STORE 22981,-15.13,debit
2025-08-29,WHOLE FOODS MKT 10155,-147.77,debit
2025-08-29,DELTA AIR 0062847123,-215.61,debit
2025-08-29,COSTCO WHSE #1187,-80.73,debit
2025-08-29,WALGREENS #12897,-175.51,debit
2025-08-30,STEAM PURCHASE,-26.38,debit
2025-08-30,ALDI 63 STORE,-139.84,debit
2025-08-30,SHELL OIL 12496,-35.07,debit
2025-08-30,KROGER #412,-145.28,debit
2025-08-31,COSTCO WHSE #1187,-153.74,debit
2025-09-01,AMAZON.COM*AB2X4,-189.26,debit
2025-09-01,BLUE BOTTLE COFFEE,-56.14,debit
2025-09-01,PAYROLL DEPOSIT - SRI,3150.0,credit
2025-09-02,ALDI 63 STORE,-70.78,debit
2025-09-02,ZELLE TO ROOMMATE,-643.31,debit
2025-09-02,PUBLIX SUPER MARKET,-72.95,debit
2025-09-03,SEPHORA #0529,-26.8,debit
2025-09-03,AMC ATLANTIC STATION,-15.96,debit
2025-09-03,PANERA BREAD #204876,-56.22,debit
2025-09-03,TRANSFER TO SAVINGS,-132.03,debit
2025-09-03,ATT*BILL PAYMENT,-60.96,debit
2025-09-03,SEPHORA #0529,-170.5,debit
2025-09-03,LYFT *RIDE,-40.93,debit
2025-09-04,AMAZON MKTPL*AC7,-133.77,debit
2025-09-04,SHAKE SHACK ATL,-23.44,debit
2025-09-04,DOORDASH*CHICK FIL A,-63.03,debit
2025-09-04,WHOLE FOODS MKT 10155,-121.07,debit
2025-09-04,STARBUCKS STORE 22981,-8.74,debit
2025-09-05,SPOTIFY USA,-17.2,debit
2025-09-05,VENMO PAYMENT,-341.31,debit
2025-09-05,MARTA BREEZE CARD RELOAD,-33.35,debit
2025-09-07,MARTA BREEZE CARD RELOAD,-18.34,debit
2025-09-07,WATER DEPT ATL,-70.54,debit
2025-09-07,NETFLIX.COM,-10.74,debit
2025-09-07,DOORDASH*CHICK FIL A,-21.5,debit
2025-09-07,STARBUCKS STORE 22981,-46.6,debit
2025-09-07,CHIPOTLE 2847,-41.19,debit
2025-09-07,SWEETGREEN ATLANTA,-57.11,debit
2025-09-07,PUBLIX SUPER MARKET,-179.61,debit
2025-09-07,KROGER #412,-81.7,debit
2025-09-08,PARKING METER ATLANTA,-40.16,debit
2025-09-08,STARBUCKS STORE 22981,-47.95,debit
2025-09-09,VERIZON WIRELESS,-68.44,debit
2025-09-09,AMAZON.COM*AB2X4,-155.27,debit
2025-09-10,PARKING METER ATLANTA,-38.35,debit
2025-09-10,PANERA BREAD #204876,-24.49,debit
2025-09-11,TARGET 00023847,-123.63,debit
2025-09-11,CLASSPASS INC,-147.59,debit
2025-09-12,SHAKE SHACK ATL,-43.72,debit
2025-09-12,SPOTIFY USA,-44.18,debit
2025-09-12,AIRBNB * HMZX8,-344.61,debit
2025-09-12,SWEETGREEN ATLANTA,-9.69,debit
2025-09-12,STARBUCKS STORE 22981,-8.27,debit
2025-09-12,NORDSTROM #358,-163.89,debit
2025-09-13,DOORDASH*CHICK FIL A,-57.25,debit
2025-09-13,TARGET 00023847,-112.19,debit
2025-09-13,WHOLE FOODS MKT 10155,-70.27,debit
2025-09-13,NORDSTROM #358,-159.77,debit
2025-09-13,STARBUCKS STORE 22981,-17.54,debit
2025-09-14,CHIPOTLE 2847,-63.11,debit
2025-09-14,COMCAST CABLE COMM,-65.1,debit
2025-09-14,SHAKE SHACK ATL,-51.57,debit
2025-09-15,UNITED 0162948273,-217.94,debit
2025-09-15,PANERA BREAD #204876,-42.57,debit
2025-09-16,SHELL OIL 12496,-22.77,debit
2025-09-16,ALDI 63 STORE,-156.93,debit
2025-09-17,LYFT *RIDE,-20.14,debit
2025-09-18,DOORDASH*CHICK FIL A,-51.56,debit
2025-09-18,STARBUCKS STORE 22981,-25.0,debit
2025-09-19,CHEVRON 0092846,-9.07,debit
2025-09-19,SWEETGREEN ATLANTA,-26.87,debit
2025-09-20,UNITED 0162948273,-454.41,debit
2025-09-21,STARBUCKS STORE 22981,-61.74,debit
2025-09-21,STARBUCKS STORE 22981,-24.12,debit
2025-09-21,CHEVRON 0092846,-33.64,debit
2025-09-22,STARBUCKS STORE 22981,-8.44,debit
2025-09-22,LYFT *RIDE,-39.12,debit
2025-09-22,VENMO PAYMENT,-711.61,debit
2025-09-23,SEPHORA #0529,-40.14,debit
2025-09-23,AMAZON MKTPL*AC7,-42.7,debit
2025-09-23,CHEVRON 0092846,-19.99,debit
2025-09-24,SEPHORA #0529,-138.83,debit
2025-09-25,NETFLIX.COM,-32.09,debit
2025-09-26,CHIPOTLE 2847,-25.82,debit
2025-09-26,COSTCO WHSE #1187,-46.96,debit
2025-09-26,BLUE BOTTLE COFFEE,-17.61,debit
2025-09-27,PANERA BREAD #204876,-16.0,debit
2025-09-28,SHELL OIL 12496,-39.6,debit
2025-09-28,BLUE BOTTLE COFFEE,-52.79,debit
2025-09-28,COSTCO WHSE #1187,-133.0,debit
2025-09-28,BLUE BOTTLE COFFEE,-60.2,debit
2025-09-28,PANERA BREAD #204876,-18.25,debit
2025-09-28,ATT*BILL PAYMENT,-86.4,debit
2025-09-28,UBER TRIP,-36.58,debit
2025-09-29,GOOGLE *FI,-68.82,debit
2025-09-29,CHIPOTLE 2847,-27.18,debit
2025-09-30,UNITED 0162948273,-194.2,debit
2025-09-30,BLUE BOTTLE COFFEE,-9.19,debit
2025-09-30,MARTA BREEZE CARD RELOAD,-29.32,debit
2025-09-30,MARTA BREEZE CARD RELOAD,-36.5,debit
2025-09-30,CVS/PHARMACY #03847,-176.74,debit
2025-10-01,UBER TRIP,-16.15,debit
2025-10-01,BLUE BOTTLE COFFEE,-44.68,debit
2025-10-01,PAYROLL DEPOSIT - SRI,3150.0,credit
2025-10-02,CHEVRON 0092846,-31.15,debit
2025-10-02,CREDIT CARD PAYMENT,-775.11,debit
2025-10-02,PUBLIX SUPER MARKET,-74.7,debit
2025-10-02,ATT*BILL PAYMENT,-163.93,debit
2025-10-03,AMAZON.COM*AB2X4,-26.89,debit
2025-10-03,UBER TRIP,-42.21,debit
2025-10-04,KROGER #412,-61.35,debit
2025-10-04,PARKING METER ATLANTA,-42.8,debit
2025-10-04,SHELL OIL 12496,-38.31,debit
2025-10-04,CHIPOTLE 2847,-35.46,debit
2025-10-05,ZELLE TO ROOMMATE,-609.92,debit
2025-10-05,CHEVRON 0092846,-22.37,debit
2025-10-05,ALDI 63 STORE,-87.09,debit
2025-10-06,CREDIT CARD PAYMENT,-734.09,debit
2025-10-06,CHIPOTLE 2847,-9.29,debit
2025-10-06,AMAZON.COM*AB2X4,-35.14,debit
2025-10-06,GOOGLE *FI,-141.48,debit
2025-10-06,CHIPOTLE 2847,-12.51,debit
2025-10-07,ALDI 63 STORE,-146.31,debit
2025-10-07,AMAZON MKTPL*AC7,-200.3,debit
2025-10-07,TRANSFER TO SAVINGS,-136.04,debit
2025-10-07,SHELL OIL 12496,-37.87,debit
2025-10-08,LYFT *RIDE,-26.32,debit
2025-10-09,PANERA BREAD #204876,-60.53,debit
2025-10-09,PANERA BREAD #204876,-41.71,debit
2025-10-09,LYFT *RIDE,-34.58,debit
2025-10-09,PANERA BREAD #204876,-52.44,debit
2025-10-09,WHOLE FOODS MKT 10155,-98.87,debit
2025-10-10,COSTCO WHSE #1187,-91.13,debit
2025-10-10,BEST BUY #1234,-29.11,debit
2025-10-11,CHIPOTLE 2847,-29.66,debit
2025-10-11,TRADER JOE'S #547,-45.43,debit
2025-10-11,PUBLIX SUPER MARKET,-146.2,debit
2025-10-11,HBOMAX.COM,-78.12,debit
2025-10-12,BEST BUY #1234,-106.56,debit
2025-10-12,COMCAST CABLE COMM,-61.33,debit
2025-10-12,STARBUCKS STORE 22981,-56.58,debit
2025-10-13,SHAKE SHACK ATL,-9.9,debit
2025-10-13,SWEETGREEN ATLANTA,-39.8,debit
2025-10-13,SHAKE SHACK ATL,-48.85,debit
2025-10-13,TARGET 00023847,-147.9,debit
2025-10-14,AMAZON MKTPL*AC7,-171.03,debit
2025-10-14,ALDI 63 STORE,-44.16,debit
2025-10-14,AMAZON MKTPL*AC7,-44.25,debit
2025-10-14,CREDIT CARD PAYMENT,-569.05,debit
2025-10-14,SHELL OIL 12496,-27.61,debit
2025-10-14,ALDI 63 STORE,-152.61,debit
2025-10-15,AMAZON MKTPL*AC7,-22.69,debit
2025-10-15,UBER TRIP,-39.07,debit
2025-10-16,TRADER JOE'S #547,-70.47,debit
2025-10-16,PARKING METER ATLANTA,-21.09,debit
2025-10-16,CHEVRON 0092846,-19.7,debit
2025-10-16,PANERA BREAD #204876,-39.22,debit
2025-10-17,PARKING METER ATLANTA,-24.66,debit
2025-10-17,NETFLIX.COM,-38.37,debit
2025-10-17,UBER EATS,-39.38,debit
2025-10-17,PARKING METER ATLANTA,-23.27,debit
2025-10-18,SHELL OIL 12496,-35.69,debit
2025-10-18,AIRBNB * HMZX8,-517.64,debit
2025-10-18,HBOMAX.COM,-17.45,debit
2025-10-19,TRADER JOE'S #547,-116.38,debit
2025-10-19,BLUE BOTTLE COFFEE,-63.02,debit
2025-10-20,ORANGETHEORY FITNESS,-162.3,debit
2025-10-21,MARTA BREEZE CARD RELOAD,-27.61,debit
2025-10-21,ORANGETHEORY FITNESS,-111.49,debit
2025-10-21,ALDI 63 STORE,-124.47,debit
2025-10-22,BLUE BOTTLE COFFEE,-54.84,debit
2025-10-23,AMAZON MKTPL*AC7,-71.09,debit
2025-10-23,WATER DEPT ATL,-163.02,debit
2025-10-23,AMAZON MKTPL*AC7,-184.97,debit
2025-10-23,CHIPOTLE 2847,-20.0,debit
2025-10-24,VENMO PAYMENT,-584.71,debit
2025-10-24,GEORGIA POWER,-188.87,debit
2025-10-24,DOORDASH*CHICK FIL A,-40.28,debit
2025-10-24,BLUE BOTTLE COFFEE,-28.86,debit
2025-10-24,ALDI 63 STORE,-99.28,debit
2025-10-24,SWEETGREEN ATLANTA,-28.81,debit
2025-10-25,CHEVRON 0092846,-22.52,debit
2025-10-25,UBER TRIP,-12.72,debit
2025-10-25,PARKING METER ATLANTA,-6.69,debit
2025-10-25,UBER EATS,-33.92,debit
2025-10-26,SEPHORA #0529,-87.1,debit
2025-10-27,PUBLIX SUPER MARKET,-79.92,debit
2025-10-27,CHIPOTLE 2847,-16.92,debit
2025-10-27,SHELL OIL 12496,-32.13,debit
2025-10-27,ORANGETHEORY FITNESS,-17.33,debit
2025-10-27,SPOTIFY USA,-10.45,debit
2025-10-28,BEST BUY #1234,-65.28,debit
2025-10-28,SHELL OIL 12496,-42.29,debit
2025-10-28,SWEETGREEN ATLANTA,-14.14,debit
2025-10-28,CREDIT CARD PAYMENT,-616.23,debit
2025-10-28,VENMO PAYMENT,-650.12,debit
2025-10-28,AIRBNB * HMZX8,-258.95,debit
2025-10-28,NORDSTROM #358,-241.9,debit
2025-10-29,KROGER #412,-75.64,debit
2025-10-29,DOORDASH*CHICK FIL A,-37.12,debit
2025-10-30,STARBUCKS STORE 22981,-43.3,debit
2025-10-30,BLUE BOTTLE COFFEE,-36.67,debit
2025-10-30,CHIPOTLE 2847,-10.72,debit
2025-10-30,COSTCO WHSE #1187,-139.8,debit
2025-10-30,BEST BUY #1234,-17.19,debit
2025-10-31,CVS/PHARMACY #03847,-27.51,debit
2025-10-31,VENMO PAYMENT,-144.64,debit
2025-10-31,TARGET 00023847,-218.26,debit
2025-10-31,AMAZON MKTPL*AC7,-58.22,debit
2025-11-01,BEST BUY #1234,-158.41,debit
2025-11-01,STARBUCKS STORE 22981,-64.53,debit
2025-11-01,UBER TRIP,-20.07,debit
2025-11-01,TRANSFER TO SAVINGS,-332.9,debit
2025-11-01,PAYROLL DEPOSIT - SRI,3150.0,credit
2025-11-03,AMC ATLANTIC STATION,-17.81,debit
2025-11-03,SWEETGREEN ATLANTA,-43.05,debit
2025-11-03,NETFLIX.COM,-19.06,debit
2025-11-03,NORDSTROM #358,-138.17,debit
2025-11-03,SHAKE SHACK ATL,-43.92,debit
2025-11-04,CREDIT CARD PAYMENT,-580.48,debit
2025-11-04,DOORDASH*CHICK FIL A,-60.88,debit
2025-11-04,CHIPOTLE 2847,-25.68,debit
2025-11-04,AMAZON MKTPL*AC7,-99.02,debit
2025-11-04,AUDIBLE*GLJ4PL20,-61.79,debit
2025-11-04,BLUE BOTTLE COFFEE,-58.28,debit
2025-11-04,ZELLE TO ROOMMATE,-654.14,debit
2025-11-05,SHAKE SHACK ATL,-11.89,debit
2025-11-05,COSTCO WHSE #1187,-92.85,debit
2025-11-05,COSTCO WHSE #1187,-31.86,debit
2025-11-05,GEORGIA POWER,-178.0,debit
2025-11-05,SHAKE SHACK ATL,-10.54,debit
2025-11-05,DELTA AIR 0062847123,-541.55,debit
2025-11-06,BLUE BOTTLE COFFEE,-33.68,debit
2025-11-06,BLUE BOTTLE COFFEE,-17.5,debit
2025-11-06,COSTCO WHSE #1187,-42.95,debit
2025-11-07,WHOLE FOODS MKT 10155,-54.48,debit
2025-11-07,TRADER JOE'S #547,-54.05,debit
2025-11-08,PARKING METER ATLANTA,-40.94,debit
2025-11-09,GEORGIA POWER,-111.52,debit
2025-11-09,ORANGETHEORY FITNESS,-147.86,debit
2025-11-09,PANERA BREAD #204876,-38.87,debit
2025-11-10,GEORGIA POWER,-137.04,debit
2025-11-10,BLUE BOTTLE COFFEE,-47.35,debit
2025-11-10,BEST BUY #1234,-137.54,debit
2025-11-10,STARBUCKS STORE 22981,-22.22,debit
2025-11-10,BLUE BOTTLE COFFEE,-56.54,debit
2025-11-10,AMAZON MKTPL*AC7,-166.42,debit
2025-11-10,BLUE BOTTLE COFFEE,-30.81,debit
2025-11-11,ALDI 63 STORE,-103.6,debit
2025-11-11,NORDSTROM #358,-246.34,debit
2025-11-11,VENMO PAYMENT,-388.94,debit
2025-11-11,MARTA BREEZE CARD RELOAD,-15.74,debit
2025-11-11,NETFLIX.COM,-12.99,debit
2025-11-12,VERIZON WIRELESS,-68.33,debit
2025-11-12,PUBLIX SUPER MARKET,-62.8,debit
2025-11-12,CHIPOTLE 2847,-26.19,debit
2025-11-12,PUBLIX SUPER MARKET,-35.68,debit
2025-11-12,SHAKE SHACK ATL,-64.88,debit
2025-11-13,TRADER JOE'S #547,-113.98,debit
2025-11-14,DELTA AIR 0062847123,-430.92,debit
2025-11-14,TRADER JOE'S #547,-62.91,debit
2025-11-14,PANERA BREAD #204876,-63.69,debit
2025-11-14,PANERA BREAD #204876,-21.52,debit
2025-11-15,SPOTIFY USA,-18.99,debit
2025-11-15,DOORDASH*CHICK FIL A,-47.15,debit
2025-11-15,TARGET 00023847,-245.7,debit
2025-11-15,CREDIT CARD PAYMENT,-570.52,debit
2025-11-15,UNITED 0162948273,-538.46,debit
2025-11-16,SEPHORA #0529,-173.68,debit
2025-11-16,ALDI 63 STORE,-148.89,debit
2025-11-17,ATT*BILL PAYMENT,-116.12,debit
2025-11-17,TARGET 00023847,-187.94,debit
2025-11-18,UBER EATS,-23.87,debit
2025-11-18,NORDSTROM #358,-170.54,debit
2025-11-18,UBER EATS,-49.04,debit
2025-11-18,PUBLIX SUPER MARKET,-90.57,debit
2025-11-18,AMAZON MKTPL*AC7,-121.85,debit
2025-11-18,COMCAST CABLE COMM,-112.03,debit
2025-11-18,STARBUCKS STORE 22981,-19.52,debit
2025-11-19,UBER TRIP,-29.36,debit
2025-11-19,BEST BUY #1234,-230.37,debit
2025-11-19,WHOLE FOODS MKT 10155,-136.12,debit
2025-11-19,CHEVRON 0092846,-21.96,debit
2025-11-20,PARKING METER ATLANTA,-33.16,debit
2025-11-20,SEPHORA #0529,-94.05,debit
2025-11-20,AMAZON MKTPL*AC7,-132.61,debit
2025-11-20,COMCAST CABLE COMM,-117.04,debit
2025-11-20,PARKING METER ATLANTA,-27.19,debit
2025-11-20,UBER EATS,-49.09,debit
2025-11-21,SWEETGREEN ATLANTA,-37.23,debit
2025-11-21,BEST BUY #1234,-17.67,debit
2025-11-21,DOORDASH*CHICK FIL A,-10.25,debit
2025-11-22,ALDI 63 STORE,-103.91,debit
2025-11-22,COSTCO WHSE #1187,-137.25,debit
2025-11-22,MARTA BREEZE CARD RELOAD,-20.04,debit
2025-11-22,GOOGLE *FI,-110.24,debit
2025-11-22,AMAZON.COM*AB2X4,-99.06,debit
2025-11-22,PANERA BREAD #204876,-15.63,debit
2025-11-23,TRANSFER TO SAVINGS,-453.23,debit
2025-11-23,WHOLE FOODS MKT 10155,-26.42,debit
2025-11-23,COSTCO WHSE #1187,-28.4,debit
2025-11-24,MARRIOTT HOTELS,-492.72,debit
2025-11-24,AMAZON MKTPL*AC7,-154.53,debit
2025-11-24,ATT*BILL PAYMENT,-135.61,debit
2025-11-24,CVS/PHARMACY #03847,-50.37,debit
2025-11-24,SWEETGREEN ATLANTA,-37.32,debit
2025-11-25,PUBLIX SUPER MARKET,-145.59,debit
2025-11-25,AMC ATLANTIC STATION,-41.45,debit
2025-11-25,AMAZON MKTPL*AC7,-168.12,debit
2025-11-26,AMAZON MKTPL*AC7,-117.95,debit
2025-11-26,PANERA BREAD #204876,-39.68,debit
2025-11-26,MARTA BREEZE CARD RELOAD,-6.64,debit
2025-11-26,UBER TRIP,-38.42,debit
2025-11-26,DOORDASH*CHICK FIL A,-36.4,debit
2025-11-26,LYFT *RIDE,-29.64,debit
2025-11-26,WALGREENS #12897,-49.5,debit
2025-11-27,AMAZON.COM*AB2X4,-180.86,debit
2025-11-27,LYFT *RIDE,-18.8,debit
2025-11-27,LYFT *RIDE,-29.15,debit
2025-11-27,HERTZ CAR RENTAL,-399.26,debit
2025-11-28,PARKING METER ATLANTA,-43.33,debit
2025-11-28,COSTCO WHSE #1187,-121.57,debit
2025-11-28,CHIPOTLE 2847,-8.94,debit
2025-11-29,SHELL OIL 12496,-8.64,debit
2025-11-29,CHIPOTLE 2847,-40.71,debit
2025-11-29,CHEVRON 0092846,-6.46,debit
2025-11-30,PARKING METER ATLANTA,-27.23,debit
2025-11-30,STARBUCKS STORE 22981,-58.03,debit
2025-11-30,KAISER PERMANENTE,-38.94,debit
2025-12-01,WATER DEPT ATL,-127.35,debit
2025-12-01,AUDIBLE*GLJ4PL20,-50.19,debit
2025-12-01,SWEETGREEN ATLANTA,-31.17,debit
2025-12-01,COSTCO WHSE #1187,-62.38,debit
2025-12-01,PAYROLL DEPOSIT - SRI,3150.0,credit
2025-12-02,MARTA BREEZE CARD RELOAD,-16.96,debit
2025-12-02,CHIPOTLE 2847,-29.99,debit
2025-12-02,VERIZON WIRELESS,-215.62,debit
2025-12-03,DOORDASH*CHICK FIL A,-32.98,debit
2025-12-03,TARGET 00023847,-114.91,debit
2025-12-03,PARKING METER ATLANTA,-44.77,debit
2025-12-03,KROGER #412,-56.62,debit
2025-12-04,ALDI 63 STORE,-123.13,debit
2025-12-04,SPOTIFY USA,-13.1,debit
2025-12-04,GOOGLE *FI,-118.65,debit
2025-12-04,LYFT *RIDE,-34.57,debit
2025-12-05,VENMO PAYMENT,-605.92,debit
2025-12-05,SEPHORA #0529,-206.19,debit
2025-12-05,AUDIBLE*GLJ4PL20,-21.09,debit
2025-12-05,VERIZON WIRELESS,-87.65,debit
2025-12-05,WHOLE FOODS MKT 10155,-154.42,debit
2025-12-05,ZELLE TO ROOMMATE,-582.16,debit
2025-12-05,SEPHORA #0529,-230.05,debit
2025-12-05,DOORDASH*CHICK FIL A,-46.86,debit
2025-12-05,STARBUCKS STORE 22981,-30.4,debit
2025-12-05,STARBUCKS STORE 22981,-50.45,debit
2025-12-06,STARBUCKS STORE 22981,-46.07,debit
2025-12-06,SHAKE SHACK ATL,-57.82,debit
2025-12-06,CREDIT CARD PAYMENT,-221.1,debit
2025-12-06,PANERA BREAD #204876,-26.66,debit
2025-12-06,UBER EATS,-31.33,debit
2025-12-06,CVS/PHARMACY #03847,-26.62,debit
2025-12-06,MARTA BREEZE CARD RELOAD,-34.71,debit
2025-12-07,CHIPOTLE 2847,-28.16,debit
2025-12-07,HBOMAX.COM,-57.25,debit
2025-12-07,CHEVRON 0092846,-27.99,debit
2025-12-07,MARTA BREEZE CARD RELOAD,-12.25,debit
2025-12-07,KROGER #412,-137.4,debit
2025-12-07,STEAM PURCHASE,-22.51,debit
2025-12-07,ORANGETHEORY FITNESS,-130.71,debit
2025-12-08,SHAKE SHACK ATL,-34.45,debit
2025-12-08,CLASSPASS INC,-153.55,debit
2025-12-08,SWEETGREEN ATLANTA,-12.45,debit
2025-12-08,SEPHORA #0529,-229.96,debit
2025-12-08,AMAZON MKTPL*AC7,-226.34,debit
2025-12-08,NORDSTROM #358,-147.45,debit
2025-12-08,TARGET 00023847,-181.19,debit
2025-12-08,UBER TRIP,-42.07,debit
2025-12-08,CHIPOTLE 2847,-51.36,debit
2025-12-08,TARGET 00023847,-189.47,debit
2025-12-08,AMAZON MKTPL*AC7,-99.83,debit
2025-12-09,STARBUCKS STORE 22981,-21.73,debit
2025-12-09,BLUE BOTTLE COFFEE,-23.65,debit
2025-12-09,SWEETGREEN ATLANTA,-52.28,debit
2025-12-09,PARKING METER ATLANTA,-42.04,debit
2025-12-09,LYFT *RIDE,-36.45,debit
2025-12-09,PUBLIX SUPER MARKET,-36.6,debit
2025-12-09,CHEVRON 0092846,-19.42,debit
2025-12-09,BLUE BOTTLE COFFEE,-16.53,debit
2025-12-09,BEST BUY #1234,-150.51,debit
2025-12-10,PARKING METER ATLANTA,-42.49,debit
2025-12-10,COSTCO WHSE #1187,-30.38,debit
2025-12-11,STARBUCKS STORE 22981,-60.95,debit
2025-12-11,AMC ATLANTIC STATION,-30.15,debit
2025-12-11,MARTA BREEZE CARD RELOAD,-11.11,debit
2025-12-12,UBER EATS,-63.22,debit
2025-12-12,UBER EATS,-32.5,debit
2025-12-12,ZELLE TO ROOMMATE,-313.73,debit
2025-12-13,TARGET 00023847,-131.95,debit
2025-12-13,VENMO PAYMENT,-300.02,debit
2025-12-13,BEST BUY #1234,-39.36,debit
2025-12-13,BLUE BOTTLE COFFEE,-49.99,debit
2025-12-14,NORDSTROM #358,-76.74,debit
2025-12-14,TARGET 00023847,-145.75,debit
2025-12-14,AMAZON.COM*AB2X4,-192.65,debit
2025-12-15,SEPHORA #0529,-66.8,debit
2025-12-15,TRANSFER TO SAVINGS,-730.2,debit
2025-12-15,AMAZON MKTPL*AC7,-230.89,debit
2025-12-15,TARGET 00023847,-124.02,debit
2025-12-15,CHIPOTLE 2847,-29.86,debit
2025-12-15,BEST BUY #1234,-101.42,debit
2025-12-16,ZELLE TO ROOMMATE,-471.09,debit
2025-12-17,PANERA BREAD #204876,-10.18,debit
2025-12-17,STARBUCKS STORE 22981,-24.04,debit
2025-12-17,TARGET 00023847,-145.05,debit
2025-12-17,UNITED 0162948273,-578.28,debit
2025-12-18,AMAZON MKTPL*AC7,-214.82,debit
2025-12-18,DOORDASH*CHICK FIL A,-16.97,debit
2025-12-19,SHELL OIL 12496,-26.58,debit
2025-12-19,PANERA BREAD #204876,-33.86,debit
2025-12-19,AUDIBLE*GLJ4PL20,-23.18,debit
2025-12-19,ALDI 63 STORE,-66.85,debit
2025-12-19,GEORGIA POWER,-82.9,debit
2025-12-19,ORANGETHEORY FITNESS,-150.85,debit
2025-12-19,PANERA BREAD #204876,-48.49,debit
2025-12-20,NORDSTROM #358,-92.08,debit
2025-12-20,UBER EATS,-63.27,debit
2025-12-20,CHIPOTLE 2847,-36.37,debit
2025-12-20,SEPHORA #0529,-40.14,debit
2025-12-20,CHEVRON 0092846,-22.33,debit
2025-12-20,BLUE BOTTLE COFFEE,-40.19,debit
2025-12-21,ALDI 63 STORE,-59.34,debit
2025-12-21,UBER TRIP,-18.94,debit
2025-12-21,MARTA BREEZE CARD RELOAD,-33.24,debit
2025-12-21,CHIPOTLE 2847,-26.55,debit
2025-12-21,SWEETGREEN ATLANTA,-32.04,debit
2025-12-22,MARTA BREEZE CARD RELOAD,-32.42,debit
2025-12-22,TRADER JOE'S #547,-104.3,debit
2025-12-22,CHIPOTLE 2847,-13.92,debit
2025-12-22,TRADER JOE'S #547,-123.72,debit
2025-12-23,VERIZON WIRELESS,-98.44,debit
2025-12-23,SPOTIFY USA,-54.56,debit
2025-12-23,MARRIOTT HOTELS,-169.02,debit
2025-12-23,COMCAST CABLE COMM,-179.97,debit
2025-12-24,PANERA BREAD #204876,-52.91,debit
2025-12-24,NORDSTROM #358,-79.5,debit
2025-12-24,STARBUCKS STORE 22981,-36.39,debit
2025-12-24,CVS/PHARMACY #03847,-19.72,debit
2025-12-24,HERTZ CAR RENTAL,-343.44,debit
2025-12-24,COSTCO WHSE #1187,-176.13,debit
2025-12-25,AMAZON.COM*AB2X4,-21.78,debit
2025-12-25,STEAM PURCHASE,-19.62,debit
2025-12-25,VENMO PAYMENT,-648.32,debit
2025-12-25,SEPHORA #0529,-48.41,debit
2025-12-25,CHIPOTLE 2847,-35.79,debit
2025-12-25,MARTA BREEZE CARD RELOAD,-29.31,debit
2025-12-26,AUDIBLE*GLJ4PL20,-44.95,debit
2025-12-26,SEPHORA #0529,-121.22,debit
2025-12-26,HBOMAX.COM,-30.65,debit
2025-12-26,SHELL OIL 12496,-8.63,debit
2025-12-27,MARTA BREEZE CARD RELOAD,-21.77,debit
2025-12-27,AMAZON.COM*AB2X4,-32.63,debit
2025-12-27,SEPHORA #0529,-139.01,debit
2025-12-27,NORDSTROM #358,-117.22,debit
2025-12-27,AMAZON.COM*AB2X4,-124.99,debit
2025-12-28,NORDSTROM #358,-226.9,debit
2025-12-28,STEAM PURCHASE,-77.66,debit
2025-12-28,KAISER PERMANENTE,-21.17,debit
2025-12-28,UBER EATS,-12.39,debit
2025-12-29,SWEETGREEN ATLANTA,-11.93,debit
2025-12-29,TRADER JOE'S #547,-165.03,debit
2025-12-29,WATER DEPT ATL,-59.76,debit
2025-12-29,WHOLE FOODS MKT 10155,-138.32,debit
2025-12-29,AUDIBLE*GLJ4PL20,-78.48,debit
2025-12-29,STEAM PURCHASE,-42.64,debit
2025-12-29,ALDI 63 STORE,-120.63,debit
2025-12-29,SPOTIFY USA,-70.0,debit
2025-12-30,ALDI 63 STORE,-40.18,debit
2025-12-30,CHIPOTLE 2847,-52.53,debit
2025-12-30,ALDI 63 STORE,-26.31,debit
2025-12-30,CVS/PHARMACY #03847,-84.46,debit
2025-12-30,UBER TRIP,-31.82,debit
2025-12-30,CHIPOTLE 2847,-16.82,debit
2025-12-30,UBER EATS,-40.88,debit
2025-12-31,PARKING METER ATLANTA,-18.27,debit
2025-12-31,COSTCO WHSE #1187,-42.73,debit
2025-12-31,DOORDASH*CHICK FIL A,-51.33,debit
2025-12-31,KROGER #412,-73.09,debit
2025-12-31,KROGER #412,-25.23,debit
2026-01-01,TRADER JOE'S #547,-67.18,debit
2026-01-01,CHIPOTLE 2847,-12.56,debit
2026-01-01,CHIPOTLE 2847,-46.92,debit
2026-01-01,CHIPOTLE 2847,-9.84,debit
2026-01-01,DOORDASH*CHICK FIL A,-46.74,debit
2026-01-01,HERTZ CAR RENTAL,-285.46,debit
2026-01-01,SHAKE SHACK ATL,-26.72,debit
2026-01-01,DOORDASH*CHICK FIL A,-56.73,debit
2026-01-01,PAYROLL DEPOSIT - SRI,3150.0,credit
2026-01-02,AMAZON MKTPL*AC7,-161.44,debit
2026-01-02,KROGER #412,-102.84,debit
2026-01-03,KROGER #412,-103.6,debit
2026-01-03,CHEVRON 0092846,-19.0,debit
2026-01-03,PANERA BREAD #204876,-34.2,debit
2026-01-03,CHEVRON 0092846,-23.69,debit
2026-01-03,NORDSTROM #358,-36.96,debit
2026-01-03,BLUE BOTTLE COFFEE,-18.68,debit
2026-01-03,GEORGIA POWER,-210.41,debit
2026-01-03,AMAZON.COM*AB2X4,-211.28,debit
2026-01-04,PARKING METER ATLANTA,-33.69,debit
2026-01-04,ATT*BILL PAYMENT,-65.06,debit
2026-01-04,SHELL OIL 12496,-19.93,debit
2026-01-04,PARKING METER ATLANTA,-6.33,debit
2026-01-04,SHELL OIL 12496,-19.85,debit
2026-01-05,SEPHORA #0529,-118.82,debit
2026-01-05,CHEVRON 0092846,-19.11,debit
2026-01-05,ORANGETHEORY FITNESS,-163.4,debit
2026-01-05,SPOTIFY USA,-54.91,debit
2026-01-05,KAISER PERMANENTE,-44.02,debit
2026-01-06,COSTCO WHSE #1187,-49.8,debit
2026-01-06,ALDI 63 STORE,-88.87,debit
2026-01-06,BEST BUY #1234,-195.36,debit
2026-01-06,TRANSFER TO SAVINGS,-387.48,debit
2026-01-06,STEAM PURCHASE,-20.34,debit
2026-01-06,PARKING METER ATLANTA,-42.0,debit
2026-01-06,UBER EATS,-62.66,debit
2026-01-07,SPOTIFY USA,-68.13,debit
2026-01-07,MARTA BREEZE CARD RELOAD,-27.76,debit
2026-01-07,GEORGIA POWER,-72.58,debit
2026-01-07,GOOGLE *FI,-158.92,debit
2026-01-07,BLUE BOTTLE COFFEE,-63.04,debit
2026-01-07,AMAZON MKTPL*AC7,-54.41,debit
2026-01-08,HERTZ CAR RENTAL,-144.66,debit
2026-01-08,HBOMAX.COM,-42.21,debit
2026-01-08,AMAZON MKTPL*AC7,-121.58,debit
2026-01-08,PANERA BREAD #204876,-48.18,debit
2026-01-08,PARKING METER ATLANTA,-36.02,debit
2026-01-08,COMCAST CABLE COMM,-176.07,debit
2026-01-08,ZELLE TO ROOMMATE,-439.32,debit
2026-01-09,SHAKE SHACK ATL,-24.26,debit
2026-01-09,KROGER #412,-77.48,debit
2026-01-09,PANERA BREAD #204876,-61.18,debit
2026-01-09,CREDIT CARD PAYMENT,-735.83,debit
2026-01-09,SWEETGREEN ATLANTA,-24.61,debit
2026-01-09,SWEETGREEN ATLANTA,-44.25,debit
2026-01-09,PANERA BREAD #204876,-19.95,debit
2026-01-09,TARGET 00023847,-41.57,debit
2026-01-09,VENMO PAYMENT,-427.92,debit
2026-01-10,STEAM PURCHASE,-78.36,debit
2026-01-11,AMAZON MKTPL*AC7,-150.68,debit
2026-01-11,AMC ATLANTIC STATION,-21.14,debit
2026-01-11,CHIPOTLE 2847,-51.34,debit
2026-01-11,CHEVRON 0092846,-29.31,debit
2026-01-11,TARGET 00023847,-80.41,debit
2026-01-11,COSTCO WHSE #1187,-73.71,debit
2026-01-12,DOORDASH*CHICK FIL A,-26.39,debit
2026-01-12,SHELL OIL 12496,-33.8,debit
2026-01-13,AUDIBLE*GLJ4PL20,-43.33,debit
2026-01-13,PANERA BREAD #204876,-56.53,debit
2026-01-13,KROGER #412,-48.9,debit
2026-01-13,VENMO PAYMENT,-307.38,debit
2026-01-13,BEST BUY #1234,-46.18,debit
2026-01-14,STARBUCKS STORE 22981,-39.99,debit
2026-01-14,ORANGETHEORY FITNESS,-78.64,debit
2026-01-14,TARGET 00023847,-64.28,debit
2026-01-14,TARGET 00023847,-20.58,debit
2026-01-15,VERIZON WIRELESS,-196.92,debit
2026-01-15,PUBLIX SUPER MARKET,-179.94,debit
2026-01-15,CLASSPASS INC,-168.87,debit
2026-01-15,NORDSTROM #358,-150.74,debit
2026-01-15,LYFT *RIDE,-26.45,debit
2026-01-15,AMC ATLANTIC STATION,-31.14,debit
2026-01-15,PARKING METER ATLANTA,-26.16,debit
2026-01-16,AMC ATLANTIC STATION,-66.08,debit
2026-01-16,PANERA BREAD #204876,-53.42,debit
2026-01-16,NETFLIX.COM,-25.99,debit
2026-01-16,AMAZON MKTPL*AC7,-38.08,debit
2026-01-16,CHIPOTLE 2847,-42.71,debit
2026-01-16,TRADER JOE'S #547,-110.19,debit
2026-01-16,DOORDASH*CHICK FIL A,-48.77,debit
2026-01-17,PANERA BREAD #204876,-54.01,debit
2026-01-17,CREDIT CARD PAYMENT,-446.63,debit
2026-01-17,UBER TRIP,-40.26,debit
2026-01-18,BLUE BOTTLE COFFEE,-38.68,debit
2026-01-18,TRADER JOE'S #547,-162.86,debit
2026-01-18,BLUE BOTTLE COFFEE,-47.94,debit
2026-01-18,LYFT *RIDE,-20.76,debit
2026-01-19,VENMO PAYMENT,-193.66,debit
2026-01-19,COSTCO WHSE #1187,-153.49,debit
2026-01-19,WHOLE FOODS MKT 10155,-169.14,debit
2026-01-19,BLUE BOTTLE COFFEE,-30.55,debit
2026-01-19,SPOTIFY USA,-24.69,debit
2026-01-19,UBER EATS,-37.51,debit
2026-01-20,SHAKE SHACK ATL,-59.14,debit
2026-01-20,WHOLE FOODS MKT 10155,-73.91,debit
2026-01-20,NORDSTROM #358,-113.49,debit
2026-01-20,NETFLIX.COM,-37.79,debit
2026-01-20,CLASSPASS INC,-59.83,debit
2026-01-21,SHELL OIL 12496,-22.59,debit
2026-01-21,AMAZON MKTPL*AC7,-249.4,debit
2026-01-21,PUBLIX SUPER MARKET,-126.68,debit
2026-01-21,VERIZON WIRELESS,-77.6,debit
2026-01-21,CREDIT CARD PAYMENT,-164.89,debit
2026-01-21,CVS/PHARMACY #03847,-79.68,debit
2026-01-21,MARTA BREEZE CARD RELOAD,-14.57,debit
2026-01-21,CLASSPASS INC,-42.71,debit
2026-01-22,BEST BUY #1234,-222.93,debit
2026-01-22,DOORDASH*CHICK FIL A,-44.36,debit
2026-01-22,SHAKE SHACK ATL,-22.44,debit
2026-01-22,TRADER JOE'S #547,-55.98,debit
2026-01-22,CLASSPASS INC,-78.84,debit
2026-01-22,AMC ATLANTIC STATION,-15.62,debit
2026-01-23,TRADER JOE'S #547,-49.11,debit
2026-01-23,NORDSTROM #358,-92.96,debit
2026-01-23,PANERA BREAD #204876,-49.38,debit
2026-01-23,GOOGLE *FI,-164.73,debit
2026-01-23,STARBUCKS STORE 22981,-37.83,debit
2026-01-24,PARKING METER ATLANTA,-9.87,debit
2026-01-24,AMC ATLANTIC STATION,-50.34,debit
2026-01-24,SHAKE SHACK ATL,-43.65,debit
2026-01-24,SHELL OIL 12496,-18.97,debit
2026-01-24,AUDIBLE*GLJ4PL20,-67.79,debit
2026-01-24,KROGER #412,-93.93,debit
2026-01-24,KROGER #412,-153.41,debit
2026-01-24,BLUE BOTTLE COFFEE,-50.23,debit
2026-01-25,STARBUCKS STORE 22981,-56.83,debit
2026-01-25,HERTZ CAR RENTAL,-443.72,debit
2026-01-25,VENMO PAYMENT,-101.46,debit
2026-01-25,AMC ATLANTIC STATION,-55.58,debit
2026-01-25,HERTZ CAR RENTAL,-399.19,debit
2026-01-25,HERTZ CAR RENTAL,-235.8,debit
2026-01-25,COSTCO WHSE #1187,-62.13,debit
2026-01-26,SWEETGREEN ATLANTA,-40.92,debit
2026-01-26,SWEETGREEN ATLANTA,-30.29,debit
2026-01-26,SHAKE SHACK ATL,-62.4,debit
2026-01-26,HERTZ CAR RENTAL,-522.39,debit
2026-01-26,STARBUCKS STORE 22981,-14.95,debit
2026-01-27,BLUE BOTTLE COFFEE,-21.31,debit
2026-01-27,NORDSTROM #358,-114.46,debit
2026-01-27,PANERA BREAD #204876,-15.82,debit
2026-01-27,SHELL OIL 12496,-12.14,debit
2026-01-27,SWEETGREEN ATLANTA,-42.02,debit
2026-01-27,UBER TRIP,-40.98,debit
2026-01-27,SHELL OIL 12496,-28.53,debit
2026-01-27,NORDSTROM #358,-28.5,debit
2026-01-28,DOORDASH*CHICK FIL A,-38.74,debit
2026-01-28,PANERA BREAD #204876,-31.59,debit
2026-01-28,SHAKE SHACK ATL,-60.69,debit
2026-01-29,BLUE BOTTLE COFFEE,-25.09,debit
2026-01-29,AMAZON MKTPL*AC7,-166.85,debit
2026-01-29,WHOLE FOODS MKT 10155,-70.2,debit
2026-01-29,DOORDASH*CHICK FIL A,-37.67,debit
2026-01-30,CHEVRON 0092846,-29.65,debit
2026-01-30,STEAM PURCHASE,-33.79,debit
2026-01-30,GOOGLE *FI,-109.01,debit
2026-01-30,AMAZON.COM*AB2X4,-188.11,debit
2026-01-30,DOORDASH*CHICK FIL A,-48.77,debit
2026-01-30,MARTA BREEZE CARD RELOAD,-39.24,debit
2026-01-30,BEST BUY #1234,-85.77,debit
2026-01-31,TRADER JOE'S #547,-33.41,debit
2026-02-01,SHAKE SHACK ATL,-20.09,debit
2026-02-01,WHOLE FOODS MKT 10155,-108.73,debit
2026-02-01,WATER DEPT ATL,-193.87,debit
2026-02-01,CHEVRON 0092846,-13.65,debit
2026-02-01,PAYROLL DEPOSIT - SRI,3150.0,credit
2026-02-02,PUBLIX SUPER MARKET,-137.87,debit
2026-02-02,ORANGETHEORY FITNESS,-48.77,debit
2026-02-02,PANERA BREAD #204876,-35.53,debit
2026-02-02,WHOLE FOODS MKT 10155,-135.61,debit
2026-02-02,NETFLIX.COM,-66.38,debit
2026-02-02,NETFLIX.COM,-42.14,debit
2026-02-02,SEPHORA #0529,-68.93,debit
2026-02-02,STEAM PURCHASE,-34.54,debit
2026-02-02,COSTCO WHSE #1187,-56.84,debit
2026-02-02,CHIPOTLE 2847,-49.09,debit
2026-02-03,BEST BUY #1234,-78.47,debit
2026-02-03,TARGET 00023847,-206.18,debit
2026-02-04,DOORDASH*CHICK FIL A,-63.64,debit
2026-02-04,UBER TRIP,-23.57,debit
2026-02-04,CREDIT CARD PAYMENT,-523.8,debit
2026-02-04,PANERA BREAD #204876,-8.98,debit
2026-02-04,SHAKE SHACK ATL,-43.19,debit
2026-02-04,ALDI 63 STORE,-122.9,debit
2026-02-04,AUDIBLE*GLJ4PL20,-26.12,debit
2026-02-04,SHELL OIL 12496,-40.17,debit
2026-02-05,AMC ATLANTIC STATION,-60.92,debit
2026-02-05,VERIZON WIRELESS,-103.58,debit
2026-02-05,STARBUCKS STORE 22981,-47.65,debit
2026-02-05,BEST BUY #1234,-36.84,debit
2026-02-05,KAISER PERMANENTE,-41.17,debit
2026-02-05,BEST BUY #1234,-242.28,debit
2026-02-06,STEAM PURCHASE,-34.48,debit
2026-02-06,AMAZON MKTPL*AC7,-152.37,debit
2026-02-06,SPOTIFY USA,-19.15,debit
2026-02-06,CREDIT CARD PAYMENT,-201.44,debit
2026-02-06,WALGREENS #12897,-58.03,debit
2026-02-06,WHOLE FOODS MKT 10155,-101.33,debit
2026-02-06,CREDIT CARD PAYMENT,-797.47,debit
2026-02-06,STARBUCKS STORE 22981,-53.85,debit
2026-02-06,BLUE BOTTLE COFFEE,-46.4,debit
2026-02-07,CHEVRON 0092846,-24.13,debit
2026-02-07,PANERA BREAD #204876,-41.92,debit
2026-02-07,LYFT *RIDE,-22.14,debit
2026-02-07,LYFT *RIDE,-43.76,debit
2026-02-07,COSTCO WHSE #1187,-93.68,debit
2026-02-07,PANERA BREAD #204876,-46.6,debit
2026-02-07,BLUE BOTTLE COFFEE,-16.47,debit
2026-02-07,BLUE BOTTLE COFFEE,-20.29,debit
2026-02-08,KROGER #412,-161.2,debit
2026-02-08,SHELL OIL 12496,-39.22,debit
2026-02-08,PANERA BREAD #204876,-63.89,debit
2026-02-08,BLUE BOTTLE COFFEE,-13.84,debit
2026-02-08,CHEVRON 0092846,-12.65,debit
2026-02-08,SHAKE SHACK ATL,-23.69,debit
2026-02-09,TARGET 00023847,-143.21,debit
2026-02-09,AMAZON MKTPL*AC7,-110.43,debit
2026-02-09,BLUE BOTTLE COFFEE,-45.33,debit
2026-02-09,UBER EATS,-36.51,debit
2026-02-09,STEAM PURCHASE,-14.4,debit
2026-02-09,UBER EATS,-29.65,debit
2026-02-10,SHELL OIL 12496,-35.32,debit
2026-02-10,UBER TRIP,-14.76,debit
2026-02-10,COSTCO WHSE #1187,-97.77,debit
2026-02-10,BLUE BOTTLE COFFEE,-28.22,debit
2026-02-10,DOORDASH*CHICK FIL A,-15.48,debit
2026-02-11,SEPHORA #0529,-174.69,debit
2026-02-11,TRANSFER TO SAVINGS,-798.94,debit
2026-02-11,CHIPOTLE 2847,-60.57,debit
2026-02-11,PARKING METER ATLANTA,-7.05,debit
2026-02-11,TARGET 00023847,-36.61,debit
2026-02-11,TARGET 00023847,-196.98,debit
2026-02-11,AMC ATLANTIC STATION,-31.77,debit
2026-02-11,STARBUCKS STORE 22981,-54.55,debit
2026-02-11,PARKING METER ATLANTA,-25.98,debit
2026-02-11,KAISER PERMANENTE,-60.04,debit
2026-02-11,LYFT *RIDE,-12.28,debit
2026-02-12,AMAZON MKTPL*AC7,-74.22,debit
2026-02-12,UBER EATS,-40.3,debit
2026-02-12,AUDIBLE*GLJ4PL20,-14.84,debit
2026-02-12,BLUE BOTTLE COFFEE,-15.73,debit
2026-02-13,LYFT *RIDE,-12.84,debit
2026-02-13,TRANSFER TO SAVINGS,-764.07,debit
2026-02-13,BLUE BOTTLE COFFEE,-10.83,debit
2026-02-14,STARBUCKS STORE 22981,-58.88,debit
2026-02-14,AMAZON MKTPL*AC7,-215.3,debit
2026-02-14,HBOMAX.COM,-10.2,debit
2026-02-14,AMAZON.COM*AB2X4,-168.63,debit
2026-02-14,GEORGIA POWER,-66.74,debit
2026-02-14,MARTA BREEZE CARD RELOAD,-19.54,debit
2026-02-14,AMC ATLANTIC STATION,-27.57,debit
2026-02-15,STEAM PURCHASE,-66.16,debit
2026-02-15,SHAKE SHACK ATL,-60.51,debit
2026-02-15,ORANGETHEORY FITNESS,-36.06,debit
2026-02-15,SWEETGREEN ATLANTA,-42.85,debit
2026-02-15,CHEVRON 0092846,-40.96,debit
2026-02-16,WATER DEPT ATL,-62.19,debit
2026-02-16,WHOLE FOODS MKT 10155,-102.57,debit
2026-02-16,SHAKE SHACK ATL,-13.84,debit
2026-02-17,DOORDASH*CHICK FIL A,-12.5,debit
2026-02-17,MARTA BREEZE CARD RELOAD,-9.07,debit
2026-02-17,MARTA BREEZE CARD RELOAD,-41.9,debit
2026-02-17,HBOMAX.COM,-17.12,debit
2026-02-17,PANERA BREAD #204876,-31.55,debit
2026-02-17,SHAKE SHACK ATL,-56.56,debit
2026-02-18,PANERA BREAD #204876,-34.37,debit
2026-02-18,GEORGIA POWER,-75.4,debit
2026-02-18,TARGET 00023847,-68.17,debit
2026-02-18,NORDSTROM #358,-113.86,debit
2026-02-19,KROGER #412,-161.53,debit
2026-02-19,KROGER #412,-159.46,debit
2026-02-19,ALDI 63 STORE,-153.46,debit
2026-02-20,HBOMAX.COM,-19.08,debit
2026-02-20,CLASSPASS INC,-59.02,debit
2026-02-20,BLUE BOTTLE COFFEE,-19.37,debit
2026-02-20,BLUE BOTTLE COFFEE,-63.24,debit
2026-02-20,BLUE BOTTLE COFFEE,-18.54,debit
2026-02-20,COSTCO WHSE #1187,-118.08,debit
2026-02-20,HBOMAX.COM,-10.46,debit
2026-02-21,AMAZON.COM*AB2X4,-122.02,debit
2026-02-21,SWEETGREEN ATLANTA,-43.73,debit
2026-02-21,MARTA BREEZE CARD RELOAD,-8.77,debit
2026-02-21,WATER DEPT ATL,-156.84,debit
2026-02-21,PANERA BREAD #204876,-31.97,debit
2026-02-22,TRADER JOE'S #547,-129.89,debit
2026-02-22,VERIZON WIRELESS,-65.98,debit
2026-02-22,KAISER PERMANENTE,-148.92,debit
2026-02-22,MARTA BREEZE CARD RELOAD,-30.86,debit
2026-02-22,UNITED 0162948273,-144.07,debit
2026-02-23,KAISER PERMANENTE,-81.39,debit
2026-02-23,PUBLIX SUPER MARKET,-98.0,debit
2026-02-24,TRADER JOE'S #547,-95.07,debit
2026-02-24,PANERA BREAD #204876,-43.31,debit
2026-02-24,AMAZON MKTPL*AC7,-153.1,debit
2026-02-25,SEPHORA #0529,-174.17,debit
2026-02-25,WHOLE FOODS MKT 10155,-132.57,debit
2026-02-25,TARGET 00023847,-95.54,debit
2026-02-26,SEPHORA #0529,-159.61,debit
2026-02-26,BEST BUY #1234,-199.45,debit
2026-02-26,UBER EATS,-17.4,debit
2026-02-26,SWEETGREEN ATLANTA,-20.07,debit
2026-02-26,KROGER #412,-83.33,debit
2026-02-27,BEST BUY #1234,-243.8,debit
2026-02-27,BEST BUY #1234,-208.61,debit
2026-02-27,CHIPOTLE 2847,-35.95,debit
2026-02-27,SWEETGREEN ATLANTA,-25.28,debit
2026-02-27,ALDI 63 STORE,-64.97,debit
2026-02-27,WATER DEPT ATL,-46.56,debit
2026-02-27,WHOLE FOODS MKT 10155,-41.08,debit
2026-02-27,SEPHORA #0529,-210.05,debit
2026-02-27,MARTA BREEZE CARD RELOAD,-38.04,debit
2026-02-28,PANERA BREAD #204876,-11.77,debit
2026-02-28,COSTCO WHSE #1187,-98.31,debit
2026-02-28,SWEETGREEN ATLANTA,-38.26,debit
2026-02-28,SEPHORA #0529,-136.67,debit
2026-02-28,CHEVRON 0092846,-33.38,debit
2026-02-28,MARTA BREEZE CARD RELOAD,-40.31,debit
2026-03-01,LYFT *RIDE,-20.19,debit
2026-03-01,BLUE BOTTLE COFFEE,-33.57,debit
2026-03-01,ALDI 63 STORE,-100.69,debit
2026-03-01,SHELL OIL 12496,-26.27,debit
2026-03-01,CLASSPASS INC,-77.2,debit
2026-03-01,COSTCO WHSE #1187,-80.31,debit
2026-03-01,PAYROLL DEPOSIT - SRI,3150.0,credit
2026-03-02,DOORDASH*CHICK FIL A,-55.91,debit
2026-03-02,TRANSFER TO SAVINGS,-721.09,debit
2026-03-02,ZELLE TO ROOMMATE,-119.77,debit
2026-03-02,AMC ATLANTIC STATION,-60.19,debit
2026-03-02,LYFT *RIDE,-29.49,debit
2026-03-02,CHIPOTLE 2847,-8.75,debit
2026-03-03,CVS/PHARMACY #03847,-42.13,debit
2026-03-03,SHAKE SHACK ATL,-23.45,debit
2026-03-04,UBER TRIP,-43.79,debit
2026-03-04,GOOGLE *FI,-176.16,debit
2026-03-05,AMAZON MKTPL*AC7,-122.45,debit
2026-03-05,COSTCO WHSE #1187,-152.24,debit
2026-03-06,CHEVRON 0092846,-19.6,debit
2026-03-06,BLUE BOTTLE COFFEE,-28.81,debit
2026-03-06,UBER TRIP,-39.2,debit
2026-03-07,SHELL OIL 12496,-33.76,debit
2026-03-07,PARKING METER ATLANTA,-43.49,debit
2026-03-08,TARGET 00023847,-154.83,debit
2026-03-08,SEPHORA #0529,-166.94,debit
2026-03-08,SHAKE SHACK ATL,-52.52,debit
2026-03-08,UBER TRIP,-7.71,debit
2026-03-09,GEORGIA POWER,-110.38,debit
2026-03-10,STARBUCKS STORE 22981,-14.38,debit
2026-03-10,COMCAST CABLE COMM,-204.96,debit
2026-03-10,PANERA BREAD #204876,-21.32,debit
2026-03-10,COSTCO WHSE #1187,-115.45,debit
2026-03-12,MARTA BREEZE CARD RELOAD,-29.22,debit
2026-03-12,AMC ATLANTIC STATION,-35.35,debit
2026-03-12,WHOLE FOODS MKT 10155,-130.25,debit
2026-03-12,GEORGIA POWER,-59.21,debit
2026-03-12,DOORDASH*CHICK FIL A,-49.54,debit
2026-03-12,WHOLE FOODS MKT 10155,-138.25,debit
2026-03-12,PARKING METER ATLANTA,-32.19,debit
2026-03-12,WHOLE FOODS MKT 10155,-52.77,debit
2026-03-12,SEPHORA #0529,-199.03,debit
2026-03-12,SHAKE SHACK ATL,-15.7,debit
2026-03-13,ALDI 63 STORE,-33.07,debit
2026-03-13,UBER TRIP,-39.76,debit
2026-03-14,CHEVRON 0092846,-37.92,debit
2026-03-14,AMC ATLANTIC STATION,-12.94,debit
2026-03-14,ALDI 63 STORE,-144.2,debit
2026-03-15,PANERA BREAD #204876,-16.86,debit
2026-03-15,UBER TRIP,-12.53,debit
2026-03-16,BLUE BOTTLE COFFEE,-12.5,debit
2026-03-16,DOORDASH*CHICK FIL A,-18.2,debit
2026-03-16,CREDIT CARD PAYMENT,-643.88,debit
2026-03-17,MARTA BREEZE CARD RELOAD,-12.14,debit
2026-03-17,UBER TRIP,-9.56,debit
2026-03-17,UNITED 0162948273,-297.43,debit
2026-03-17,SHELL OIL 12496,-22.22,debit
2026-03-17,LYFT *RIDE,-35.54,debit
2026-03-18,LYFT *RIDE,-37.79,debit
2026-03-18,VENMO PAYMENT,-527.14,debit
2026-03-18,TARGET 00023847,-79.3,debit
2026-03-18,TARGET 00023847,-197.39,debit
2026-03-18,MARTA BREEZE CARD RELOAD,-19.58,debit
2026-03-19,TRADER JOE'S #547,-46.82,debit
2026-03-20,PARKING METER ATLANTA,-37.76,debit
2026-03-20,CHIPOTLE 2847,-54.2,debit
2026-03-21,STARBUCKS STORE 22981,-14.57,debit
2026-03-21,SEPHORA #0529,-219.67,debit
2026-03-21,NORDSTROM #358,-90.95,debit
2026-03-22,PANERA BREAD #204876,-20.82,debit
2026-03-22,PARKING METER ATLANTA,-9.63,debit
2026-03-22,ALDI 63 STORE,-28.43,debit
2026-03-23,BLUE BOTTLE COFFEE,-56.17,debit
2026-03-23,MARTA BREEZE CARD RELOAD,-44.98,debit
2026-03-24,BLUE BOTTLE COFFEE,-62.53,debit
2026-03-25,GEORGIA POWER,-157.82,debit
2026-03-25,NETFLIX.COM,-77.52,debit
2026-03-25,STARBUCKS STORE 22981,-51.1,debit
2026-03-25,NORDSTROM #358,-227.72,debit
2026-03-27,SWEETGREEN ATLANTA,-57.57,debit
2026-03-28,CHIPOTLE 2847,-37.7,debit
2026-03-29,GEORGIA POWER,-162.84,debit
2026-03-29,SWEETGREEN ATLANTA,-32.87,debit
2026-03-29,STARBUCKS STORE 22981,-10.63,debit
2026-03-29,PUBLIX SUPER MARKET,-51.8,debit
2026-03-29,PANERA BREAD #204876,-35.98,debit
2026-03-30,WHOLE FOODS MKT 10155,-144.83,debit
2026-03-30,DELTA AIR 0062847123,-255.73,debit
2026-03-31,SHAKE SHACK ATL,-61.88,debit
2026-03-31,UBER EATS,-27.53,debit
2026-04-01,PAYROLL DEPOSIT - SRI,3150.0,credit
2026-04-03,SWEETGREEN ATLANTA,-17.26,debit
2026-04-04,PANERA BREAD #204876,-11.34,debit
2026-04-05,SWEETGREEN ATLANTA,-40.76,debit
2026-04-05,STEAM PURCHASE,-74.31,debit
2026-04-06,UBER TRIP,-11.47,debit
2026-04-06,CHIPOTLE 2847,-33.03,debit
2026-04-07,SWEETGREEN ATLANTA,-21.44,debit
2026-04-07,SHAKE SHACK ATL,-22.09,debit
2026-04-09,CHEVRON 0092846,-20.88,debit
2026-04-09,AUDIBLE*GLJ4PL20,-13.91,debit
2026-04-11,ORANGETHEORY FITNESS,-72.82,debit
2026-04-11,MARTA BREEZE CARD RELOAD,-11.88,debit
2026-04-13,DELTA AIR 0062847123,-318.31,debit
2026-04-15,CHIPOTLE 2847,-8.42,debit
2026-04-19,SHAKE SHACK ATL,-18.94,debit
